연번,도로명주소,구분,세부위치,박스수량,관리자,관리부서,관리자연락처,데이터기준일자,
1.0,서울특별시 마포구 공덕동 마포대로20길26,공동주택,공덕삼성래미안@2차 (108동앞 2개.201동앞. 1개),3.0,김종권,자원순환과,02-3153-9216,45064.0,
2.0,서울특별시 마포구 공덕동 만리재옛길84,주민센터,공덕동주민센터,1.0,김종권,자원순환과,02-3153-9216,45064.0,
3.0,서울특별시 마포구 공덕동 마포대로10길22,공동주택,한화(꿈에그린)APT ,1.0,김종권,자원순환과,02-3153-9216,45064.0,
4.0,서울특별시 마포구 공덕동 만리재옛길25,공동주택,신흥연립입구,1.0,김종권,자원순환과,02-3153-9216,45064.0,
5.0,서울특별시 마포구 공덕동 만리재옛길30,공동주택,신덕연립,1.0,김종권,자원순환과,02-3153-9216,45064.0,
6.0,서울특별시 마포구 공덕동 백범로199,공동주택,메트로디오빌 주상복합,1.0,김종권,자원순환과,02-3153-9216,45064.0,
7.0,서울특별시 마포구 공덕동 백범로239,공동주택,대림e편한세상@ (입구바로우측경비실 옆),1.0,김종권,자원순환과,02-3153-9216,45064.0,
8.0,서울특별시 마포구 공덕동 백범로37길12,공동주택,신공덕삼성@(임대) 112동앞 (1개: 진입후 바로 우측),1.0,김종권,자원순환과,02-3153-9216,45064.0,
9.0,서울특별시 마포구 공덕동 백범로230,공동주택,브라운스톤@ 102.103 윗쪽으로올라가면서 우측,2.0,김종권,자원순환과,02-3153-9216,45064.0,
10.0,서울특별시 마포구 공덕동 백범로37길12,공동주택,신공덕삼성@ 1차 (2개: 111동앞 + 105동앞),2.0,김종권,자원순환과,02-3153-9216,45064.0,
11.0,서울특별시 마포구 공덕동 만리재로60,공동주택,신공덕삼성@ 3차 (관리소앞),1.0,김종권,자원순환과,02-3153-9216,45064.0,
12.0,서울특별시 마포구 공덕동 만리재로14길27,공동주택,두영이지안@,1.0,김종권,자원순환과,02-3153-9216,45064.0,
13.0,서울특별시 마포구 공덕동 만리재로74,공동주택,신공덕삼성@ 2차 (진입후 우측 202 지하주차장),1.0,김종권,자원순환과,02-3153-9216,45064.0,
14.0,서울특별시 마포구 공덕동 마포대로196,공동주택,고려아카데미텔,1.0,김종권,자원순환과,02-3153-9216,45064.0,
15.0,서울특별시 마포구 공덕동 마포대로208,공동주택,효성인텔리안오피스텔,1.0,김종권,자원순환과,02-3153-9216,45064.0,
16.0,서울특별시 마포구 공덕동 마포대로262,공동주택,서서울 삼성@ (정문 경비실 옆),1.0,김종권,자원순환과,02-3153-9216,45064.0,
17.0,서울특별시 마포구 공덕동 환일길 7,주택가,(서울제일교회) 앞,1.0,김종권,자원순환과,02-3153-9216,45064.0,
18.0,서울특별시 마포구 공덕동 환일길 30,주택가,,1.0,김종권,자원순환과,02-3153-9216,45064.0,
19.0,서울특별시 마포구 공덕동 백범로205,공동주택,펜트라우스@ 101,102,103,104동, 오피스텔 각 1개,5.0,김종권,자원순환과,02-3153-9216,45064.0,
20.0,서울특별시 마포구 공덕동 백범로212,공동주택,대우월드마크,1.0,김종권,자원순환과,02-3153-9216,45064.0,
21.0,서울특별시 마포구 공덕동 손기정로6길 3,주택가,,1.0,김종권,자원순환과,02-3153-9216,45064.0,
22.0,서울특별시 마포구 공덕동 마포대로16나길 30,주택가,,1.0,김종권,자원순환과,02-3153-9216,45064.0,
23.0,서울특별시 마포구 공덕동 마포대로14길25,주택가,,1.0,김종권,자원순환과,02-3153-9216,45064.0,
24.0,서울특별시 마포구 공덕동 만리재옛길68-3,주택가,,1.0,김종권,자원순환과,02-3153-9216,45064.0,
25.0,서울특별시 마포구 공덕동 만리재로16길20-5,주택가,,1.0,김종권,자원순환과,02-3153-9216,45064.0,
26.0,서울특별시 마포구 공덕동 환일길42,주택가,환일슈퍼앞,1.0,김종권,자원순환과,02-3153-9216,45064.0,
27.0,서울특별시 마포구 공덕동 임정로19길14,주택가,,1.0,김종권,자원순환과,02-3153-9216,45064.0,
28.0,서울특별시 마포구 아현동 마포대로7길22,공동주택,공덕 삼성래미안@ 3차 ( 3개: 301, 303, 308),3.0,김종권,자원순환과,02-3153-9216,45064.0,
29.0,서울특별시 마포구 아현동 마포대로11길50,공동주택,공덕 삼성래미안@ 4차 ( 3개: 404, 406, 411),3.0,김종권,자원순환과,02-3153-9216,45064.0,
30.0,서울특별시 마포구 아현동 마포대로173-15,공동주택,공덕 삼성래미안@ 5차 (9개:각각 1~9 동앞),9.0,김종권,자원순환과,02-3153-9216,45064.0,
31.0,서울특별시 마포구 아현동 마포대로11길84,공동주택,마포현대@ (001동옆),1.0,김종권,자원순환과,02-3153-9216,45064.0,
32.0,서울특별시 마포구 아현동 마포대로11길73,공동주택,공덕현대@ (경비실옆),1.0,김종권,자원순환과,02-3153-9216,45064.0,
33.0,서울특별시 마포구 아현동 마포대로115-8,공동주택,삼성임대@ (106동),1.0,김종권,자원순환과,02-3153-9216,45064.0,
34.0,서울특별시 마포구 아현동 마포대로115-8,공동주택,공덕삼성래미안@ 1차,1.0,김종권,자원순환과,02-3153-9216,45064.0,
35.0,서울특별시 마포구 아현동 마포대로7길18,주민센터,아현동주민센터,1.0,김종권,자원순환과,02-3153-9216,45064.0,
36.0,서울특별시 마포구 아현동 마포대로19길8,공동주택,혜성@,1.0,김종권,자원순환과,02-3153-9216,45064.0,
37.0,서울특별시 마포구 아현동 마포대로183-16,공동주택,삼환나띠르빌@,1.0,김종권,자원순환과,02-3153-9216,45064.0,
38.0,서울특별시 마포구 아현동 마포대로 195,공동주택,마포래미안푸르지오@,24.0,김종권,자원순환과,02-3153-9216,45064.0,
39.0,서울특별시 마포구 도화동 마포대로4길 18,주택가,복사골어린이공원 옆,1.0,김종권,자원순환과,02-3153-9216,45064.0,
40.0,서울특별시 마포구 도화동 삼개로 33,공동주택,도화3지구우성아파트(7동-1 주차장, 9동-2주차장입구),2.0,김종권,자원순환과,02-3153-9216,45064.0,
41.0,서울특별시 마포구 도화동 도화길 28,공동주택,삼성아파트 106동 앞, 114동 건너편 관리사무소앞,2.0,김종권,자원순환과,02-3153-9216,45064.0,
42.0,서울특별시 마포구 도화동 도화길 37,주민센터,도화동주민센터 ,1.0,김종권,자원순환과,02-3153-9216,45064.0,
43.0,서울특별시 마포구 도화동 새창로8길 72,공동주택,현대2차아파트 207동-2 주차장(경로당 맞은편),1.0,김종권,자원순환과,02-3153-9216,45064.0,
44.0,서울특별시 마포구 도화동 새창로8길 72,공동주택,현대2차아파트(임대) 211동, 212동입구,2.0,김종권,자원순환과,02-3153-9216,45064.0,
45.0,서울특별시 마포구 도화동 새창로4길 12,주택가,경보주차장 담벽,1.0,김종권,자원순환과,02-3153-9216,45064.0,
46.0,서울특별시 마포구 도화동 새창로6다길 18,주택가,고고타운,1.0,김종권,자원순환과,02-3153-9216,45064.0,
47.0,서울특별시 마포구 도화동 새창로 52,공동주택,도화현대아파트 1차 103동 실내주차장 입구,1.0,김종권,자원순환과,02-3153-9216,45064.0,
48.0,서울특별시 마포구 도화동 새창로 52,공동주택, 도화현대아파트 1차 104동 주차장 밑 실내공간,1.0,김종권,자원순환과,02-3153-9216,45064.0,
49.0,서울특별시 마포구 도화동 새창로 52,공동주택,도화현대아파트 106동 입구 전면 실내주차장 입구,1.0,김종권,자원순환과,02-3153-9216,45064.0,
50.0,서울특별시 마포구 도화동 새창로 52,공동주택,도화현대아파트 1차 107동 입구에서 좌측 2층 실내주차장 안쪽,1.0,김종권,자원순환과,02-3153-9216,45064.0,
51.0,서울특별시 마포구 도화동 새창로 52,공동주택,도화현대아파트 1차 113동 입구에서 106동 가기 전 우측 아래,1.0,김종권,자원순환과,02-3153-9216,45064.0,
52.0,서울특별시 마포구 도화동 마포대로4라길 30,공동주택,쌍용황금아파트 103동 담장 옆,1.0,김종권,자원순환과,02-3153-9216,45064.0,
53.0,서울특별시 마포구 도화동 마포대로4나길 50,주택가,,1.0,김종권,자원순환과,02-3153-9216,45064.0,
54.0,서울특별시 마포구 도화동 마포대로4길 90,공동주택,보성아파트 경비실 반대 담장,1.0,김종권,자원순환과,02-3153-9216,45064.0,
55.0,서울특별시 마포구 도화동 마포대로4다길 18,공동주택,강변한신코아빌딩 주차장안쪽(지하1층),1.0,김종권,자원순환과,02-3153-9216,45064.0,
56.0,서울특별시 마포구 도화동 마포대로4길 122,공동주택,벽산빌라 경비초소 뒤편,1.0,김종권,자원순환과,02-3153-9216,45064.0,
57.0,서울특별시 마포구 도화동 마포대로4다길 27,주택가,마포어린이공원,1.0,김종권,자원순환과,02-3153-9216,45064.0,
58.0,서울특별시 마포구 도화동 도화4길 41,주택가,어린이영어도서관 옆,1.0,김종권,자원순환과,02-3153-9216,45064.0,
59.0,서울특별시 마포구 도화동 도화4길 41,공동주택,동원베네스트1층 주차장,1.0,김종권,자원순환과,02-3153-9216,45064.0,
60.0,서울특별시 마포구 용강동 용강동 381,주택가,대흥동성당앞,1.0,김종권,자원순환과,02-3153-9216,45064.0,
61.0,서울특별시 마포구 용강동 마포대로 33,공동주택,마포 한화 오벨리스크 종량봉투처리장,1.0,김종권,자원순환과,02-3153-9216,45064.0,
62.0,서울특별시 마포구 용강동 토정로32길 6,공동주택,대림2차아파트 입구 우측 경비실 옆,1.0,김종권,자원순환과,02-3153-9216,45064.0,
63.0,서울특별시 마포구 용강동 토정로32길 11,공동주택,한강삼성아파트 견인차 보관소 앞 길,1.0,김종권,자원순환과,02-3153-9216,45064.0,
64.0,서울특별시 마포구 용강동 큰우물로 26,공동주택,용강래미안 삼성아파트,1.0,김종권,자원순환과,02-3153-9216,45064.0,
65.0,서울특별시 마포구 용강동 토정로31길31,주민센터,용강동주민센터 ,1.0,김종권,자원순환과,02-3153-9216,45064.0,
66.0,서울특별시 마포구 용강동 독막로 266,공동주택,태영아파트 (4개: 102, 103, 113, 201임대),4.0,김종권,자원순환과,02-3153-9216,45064.0,
67.0,서울특별시 마포구 용강동 마포대로 53,공동주택,마포트라팰리스,1.0,김종권,자원순환과,02-3153-9216,45064.0,
68.0,서울특별시 마포구 용강동 토정로37길 46,공동주택,정우빌딩 1층 뒷편 주차장,1.0,김종권,자원순환과,02-3153-9216,45064.0,
69.0,서울특별시 마포구 용강동 큰우물로 75,공동주택,성지빌딩,1.0,김종권,자원순환과,02-3153-9216,45064.0,
70.0,서울특별시 마포구 용강동 큰우물로 76,공동주택,고려빌딩,1.0,김종권,자원순환과,02-3153-9216,45064.0,
71.0,서울특별시 마포구 용강동 마포대로 73,공동주택,SK허브그린 오피스텔 지하1층 관리사무소 앞,1.0,김종권,자원순환과,02-3153-9216,45064.0,
72.0,서울특별시 마포구 용강동 독막로 320,공동주택,태영데시앙빌딩 지하2층,1.0,김종권,자원순환과,02-3153-9216,45064.0,
73.0,서울특별시 마포구 용강동 독막로 324,공동주택,동서빌딩 지하1층,1.0,김종권,자원순환과,02-3153-9216,45064.0,
74.0,서울특별시 마포구 용강동 마포대로 1길 46,주택가,고고네 건너편,1.0,김종권,자원순환과,02-3153-9216,45064.0,
75.0,서울특별시 마포구 용강동 토정로31길 24,공동주택,e편한세상마포리버파크(9개:101~109동 각동 1개씩),9.0,김종권,자원순환과,02-3153-9216,45064.0,
76.0,서울특별시 마포구 용강동 토정로31길 23,공동주택,래미안 마포리버웰아파트(5개:101,102,104,107,109동 앞),5.0,김종권,자원순환과,02-3153-9216,45064.0,
77.0,서울특별시 마포구 용강동 대흥로4길22,주택가,방범용CCTV옆,1.0,김종권,자원순환과,02-3153-9216,45064.0,
78.0,서울특별시 마포구 대흥동 신촌로 170,공동주택, 이대푸르지오시티 주차장 입구,1.0,김종권,자원순환과,02-3153-9216,45064.0,
79.0,서울특별시 마포구 대흥동 신촌로 162,공동주택,캠프21오피스텔 뒤,1.0,김종권,자원순환과,02-3153-9216,45064.0,
80.0,서울특별시 마포구 대흥동 신촌로26길 10,주민센터,대흥동주민센터 뒷 화단,1.0,김종권,자원순환과,02-3153-9216,45064.0,
81.0,서울특별시 마포구 대흥동 고산길 54,주택가,신촌중앙교회 맞은편,1.0,김종권,자원순환과,02-3153-9216,45064.0,
82.0,서울특별시 마포구 대흥동 고산2길 34-67,주택가,고래그림 앞,1.0,김종권,자원순환과,02-3153-9216,45064.0,
83.0,서울특별시 마포구 대흥동 고산2길 50 ,주택가,노고산체육공원 앞,1.0,김종권,자원순환과,02-3153-9216,45064.0,
84.0,서울특별시 마포구 대흥동 백범로4길 21,주택가, 알파게스트하우스 앞,1.0,김종권,자원순환과,02-3153-9216,45064.0,
85.0,서울특별시 마포구 대흥동 백범로 82,공동주택,동양엔파트,1.0,김종권,자원순환과,02-3153-9216,45064.0,
86.0,서울특별시 마포구 대흥동 백범로 18,주택가,미화빌딩 주차장,1.0,김종권,자원순환과,02-3153-9216,45064.0,
87.0,서울특별시 마포구 대흥동 백범로10길 22,주택가,디스커버리 주차장 입구,1.0,김종권,자원순환과,02-3153-9216,45064.0,
88.0,서울특별시 마포구 대흥동 서강대길 40,공동주택,마포자이2차아파트 101동,102동,104동,106동 분리수거장,4.0,김종권,자원순환과,02-3153-9216,45064.0,
89.0,서울특별시 마포구 대흥동 대흥로110,주택가,우정오피스 옆(용강초교 담장),1.0,김종권,자원순환과,02-3153-9216,45064.0,
90.0,서울특별시 마포구 대흥동 백범로17길 7,주택가,용강초교 정문옆,1.0,김종권,자원순환과,02-3153-9216,45064.0,
91.0,서울특별시 마포구 대흥동 대흥로 145,주택가,마을공원 앞,1.0,김종권,자원순환과,02-3153-9216,45064.0,
92.0,서울특별시 마포구 대흥동 고산18길 13,주택가,양원주부학교맞은편,1.0,김종권,자원순환과,02-3153-9216,45064.0,
93.0,서울특별시 마포구 대흥동 신촌로26길10,주택가,우리마포복지관 주차장 입구,1.0,김종권,자원순환과,02-3153-9216,45064.0,
94.0,서울특별시 마포구 염리동 독막로 295,공동주택,삼부골든타워,1.0,김종권,자원순환과,02-3153-9216,45064.0,
95.0,서울특별시 마포구 염리동 독막로289,공동주택,중앙하이츠@,1.0,김종권,자원순환과,02-3153-9216,45064.0,
96.0,서울특별시 마포구 염리동 숭문길106,공동주택,상록@,2.0,김종권,자원순환과,02-3153-9216,45064.0,
97.0,서울특별시 마포구 염리동 숭문길14,주민센터,염리동주민센터,1.0,김종권,자원순환과,02-3153-9216,45064.0,
98.0,서울특별시 마포구 염리동 백범로25길 63,공동주택,삼성@ (105동사이),1.0,김종권,자원순환과,02-3153-9216,45064.0,
99.0,서울특별시 마포구 염리동 백범로25길 83,공동주택,삼성임대@ (201동),1.0,김종권,자원순환과,02-3153-9216,45064.0,
100.0,서울특별시 마포구 염리동 숭문길 98,공동주택,마포자이3차@(101,102,103,104,105,106,107,108,110,111동 앞) ,10.0,김종권,자원순환과,02-3153-9216,45064.0,
101.0,서울특별시 마포구 신수동 독막로 192,주민센터,신수동주민센터 옆,1.0,김종권,자원순환과,02-3153-9216,45064.0,
102.0,서울특별시 마포구 신수동 독막로28길 7,공동주택,성원아파트 102동 담벼락 2개, 102동 출입구 1개,3.0,김종권,자원순환과,02-3153-9216,45064.0,
103.0,서울특별시 마포구 신수동 신수로 102,주택가,,1.0,김종권,자원순환과,02-3153-9216,45064.0,
104.0,서울특별시 마포구 신수동 신수로 107,공동주택,신촌삼익아파트 내 관리사무소 뒤,1.0,김종권,자원순환과,02-3153-9216,45064.0,
105.0,서울특별시 마포구 신수동 대흥로9안길21,주택가,서울슈퍼,1.0,김종권,자원순환과,02-3153-9216,45064.0,
106.0,서울특별시 마포구 신수동 신수로3길3-13,주택가,,1.0,김종권,자원순환과,02-3153-9216,45064.0,
107.0,서울특별시 마포구 신수동 독막로29길 30,주택가,,1.0,김종권,자원순환과,02-3153-9216,45064.0,
108.0,서울특별시 마포구 신수동 신수로 25-12,주택가,맞은편,1.0,김종권,자원순환과,02-3153-9216,45064.0,
109.0,서울특별시 마포구 신수동 독막로28길 46,주택가,하늘가족교회 앞 담벼락,1.0,김종권,자원순환과,02-3153-9216,45064.0,
110.0,서울특별시 마포구 신수동 독막로24길25,주택가,근상프리즘4동앞,1.0,김종권,자원순환과,02-3153-9216,45064.0,
111.0,서울특별시 마포구 서강동 독막로18길 5,공동주택,두산위브아파트,1.0,김종권,자원순환과,02-3153-9216,45064.0,
112.0,서울특별시 마포구 서강동 와우산로 13,주택가,앞 대로변,1.0,김종권,자원순환과,02-3153-9216,45064.0,
113.0,서울특별시 마포구 서강동 토정로 136-11,공동주택,강변신구아파트,1.0,김종권,자원순환과,02-3153-9216,45064.0,
114.0,서울특별시 마포구 서강동 독막로 100,공동주택,새마을금고 건물 주차장,1.0,김종권,자원순환과,02-3153-9216,45064.0,
115.0,서울특별시 마포구 서강동 토정로 158,공동주택,밤섬자이아파트,6.0,김종권,자원순환과,02-3153-9216,45064.0,
116.0,서울특별시 마포구 서강동 토정로 167,공동주택,해모로아파트,2.0,김종권,자원순환과,02-3153-9216,45064.0,
117.0,서울특별시 마포구 서강동 창전로45 ,공동주택,한화오벨리스크 101동,1.0,김종권,자원순환과,02-3153-9216,45064.0,
118.0,서울특별시 마포구 서강동 창전로 63,공동주택,쌍용스윗닷홈아파트 경비실 옆,1.0,김종권,자원순환과,02-3153-9216,45064.0,
119.0,서울특별시 마포구 서강동 서강로 68,주택가,마포노인복지관앞 도로변,1.0,김종권,자원순환과,02-3153-9216,45064.0,
120.0,서울특별시 마포구 서강동 서강로 83,공동주택,창전홈타운아파트,2.0,김종권,자원순환과,02-3153-9216,45064.0,
121.0,서울특별시 마포구 서강동 와우산로30길 54,주택가,,1.0,김종권,자원순환과,02-3153-9216,45064.0,
122.0,서울특별시 마포구 서강동 와우산로30길 135,주택가,중앙하이츠 마을버스 종점,1.0,김종권,자원순환과,02-3153-9216,45064.0,
123.0,서울특별시 마포구 서강동 서강로9길 45,공동주택,태영아파트,3.0,김종권,자원순환과,02-3153-9216,45064.0,
124.0,서울특별시 마포구 서강동 서강로9길 19,공동주택,신촌금호아파트,2.0,김종권,자원순환과,02-3153-9216,45064.0,
125.0,서울특별시 마포구 서강동 서강로 97,주택가,삼성아파트 상가 옹벽,1.0,김종권,자원순환과,02-3153-9216,45064.0,
126.0,서울특별시 마포구 서강동 서강로 95,공동주택, 창전삼성아파트 ,3.0,김종권,자원순환과,02-3153-9216,45064.0,
127.0,서울특별시 마포구 서강동 독막로 145,공동주택,쌍용예가아파트 104동 지하주차장,1.0,김종권,자원순환과,02-3153-9216,45064.0,
128.0,서울특별시 마포구 서강동 와우산로 150-2,주택가,와우산입구,1.0,김종권,자원순환과,02-3153-9216,45064.0,
129.0,서울특별시 마포구 서강동 독막로20나길 21,공동주택,밤섬리베뉴 1단지,5.0,김종권,자원순환과,02-3153-9216,45064.0,
130.0,서울특별시 마포구 서강동 독막로107,주택가,마을버스정류장,1.0,김종권,자원순환과,02-3153-9216,45064.0,
131.0,서울특별시 마포구 서강동 독막로 20나길 22,공동주택,밤섬리베뉴 2단지,6.0,김종권,자원순환과,02-3153-9216,45064.0,
132.0,서울특별시 마포구 서강동 토정로 93,주택가,,1.0,김종권,자원순환과,02-3153-9216,45064.0,
133.0,서울특별시 마포구 서강동 서강로 36,공동주택,문화아파트,1.0,김종권,자원순환과,02-3153-9216,45064.0,
134.0,서울특별시 마포구 서강동 독막로 145,공동주택,서강쌍용예가 114동 ,1.0,김종권,자원순환과,02-3153-9216,45064.0,
135.0,서울특별시 마포구 서강동 독막로165,주택가,광흥창역2번출구,1.0,김종권,자원순환과,02-3153-9216,45064.0,
136.0,서울특별시 마포구 서교동 신촌로6길 5,주택가,,1.0,김종권,자원순환과,02-3153-9216,45064.0,
137.0,서울특별시 마포구 서교동 월드컵로 74,주택가,망원역 1번 출구,1.0,김종권,자원순환과,02-3153-9216,45064.0,
138.0,서울특별시 마포구 서교동 월드컵북로5나길 18,공동주택,대우미래사랑아파트,1.0,김종권,자원순환과,02-3153-9216,45064.0,
139.0,서울특별시 마포구 서교동 월드컵로10길 56,주택가,도서출판 길벗 앞,1.0,김종권,자원순환과,02-3153-9216,45064.0,
140.0,서울특별시 마포구 서교동 동교로 120,주택가,서교가든,1.0,김종권,자원순환과,02-3153-9216,45064.0,
141.0,서울특별시 마포구 서교동 홍익로5길65,주택가,담장앞,1.0,김종권,자원순환과,02-3153-9216,45064.0,
142.0,서울특별시 마포구 서교동 양화로11길 21,주택가,서교 어린이공원,1.0,김종권,자원순환과,02-3153-9216,45064.0,
143.0,서울특별시 마포구 서교동 홍익로 10,공동주택,서교대우푸르지오 관리실,1.0,김종권,자원순환과,02-3153-9216,45064.0,
144.0,서울특별시 마포구 서교동 홍익로 10,공동주택,서교대우푸르지오 지하상가,1.0,김종권,자원순환과,02-3153-9216,45064.0,
145.0,서울특별시 마포구 서교동 양화로 156,주택가,LG팰리스B/D 뒤,1.0,김종권,자원순환과,02-3153-9216,45064.0,
146.0,서울특별시 마포구 서교동 와우산로33길 26-7,공동주택,대아아파트 내,1.0,김종권,자원순환과,02-3153-9216,45064.0,
147.0,서울특별시 마포구 서교동 서강로119,주택가,옆이면도로,1.0,김종권,자원순환과,02-3153-9216,45064.0,
148.0,서울특별시 마포구 서교동 홍익로10,주택가, 서교푸르지오후면담장앞,1.0,김종권,자원순환과,02-3153-9216,45064.0,
149.0,서울특별시 마포구 서교동 월드컵북로2길 65,주택가, KT신촌지사(교동집 앞),1.0,김종권,자원순환과,02-3153-9216,45064.0,
150.0,서울특별시 마포구 서교동 월드컵북로4길 54,공동주택,기린동산빌라,1.0,김종권,자원순환과,02-3153-9216,45064.0,
151.0,서울특별시 마포구 서교동 동교로 158,주택가,서교동연탄집앞,1.0,김종권,자원순환과,02-3153-9216,45064.0,
152.0,서울특별시 마포구 합정동 성지1길 32-13,주택가,성산중학교 후문 앞,1.0,김종권,자원순환과,02-3153-9216,45064.0,
153.0,서울특별시 마포구 합정동 토정로4길 27,주택가,당인리발전소길,1.0,김종권,자원순환과,02-3153-9216,45064.0,
154.0,서울특별시 마포구 합정동 토정로2길 27,주택가,국제 가톨릭 형제회 앞 공원,1.0,김종권,자원순환과,02-3153-9216,45064.0,
155.0,서울특별시 마포구 합정동 토정로2길 6-12,공동주택,동원한강 파크빌 아파트,1.0,김종권,자원순환과,02-3153-9216,45064.0,
156.0,서울특별시 마포구 합정동 독막로8길 32,주택가,동삼주택 앞,1.0,김종권,자원순환과,02-3153-9216,45064.0,
157.0,서울특별시 마포구 합정동 토정로5길 9,공동주택,일신건영 휴먼빌 아파트,1.0,김종권,자원순환과,02-3153-9216,45064.0,
158.0,서울특별시 마포구 합정동 어울마당로11,공동주택,장미 아파트,1.0,김종권,자원순환과,02-3153-9216,45064.0,
159.0,서울특별시 마포구 합정동 토정로67,공동주택,두영이지안 아파트,1.0,김종권,자원순환과,02-3153-9216,45064.0,
160.0,서울특별시 마포구 합정동 희우정로 41,주택가,백운아트 빌라 앞,1.0,김종권,자원순환과,02-3153-9216,45064.0,
161.0,서울특별시 마포구 합정동 동교로8길 58,주택가,우리마포시니어클럽옆,1.0,김종권,자원순환과,02-3153-9216,45064.0,
162.0,서울특별시 마포구 합정동 희우정로15,주택가,한국 프라우드 아파트 앞,1.0,김종권,자원순환과,02-3153-9216,45064.0,
163.0,서울특별시 마포구 합정동 양화로26,공동주택,엠파이어리버 B/D 지하2층,1.0,김종권,자원순환과,02-3153-9216,45064.0,
164.0,서울특별시 마포구 합정동 양화로3길 94,학교,성산 초등학교 내,1.0,김종권,자원순환과,02-3153-9216,45064.0,
165.0,서울특별시 마포구 합정동 양화진길5,주택가,합정아파트앞,1.0,김종권,자원순환과,02-3153-9217,45064.0,
166.0,서울특별시 마포구 합정동 동교로16-18 ,주택가,,1.0,김종권,자원순환과,02-3153-9216,45064.0,
167.0,서울특별시 마포구 합정동 월드컵북로4길54,주택가,기린동산빌라,1.0,김종권,자원순환과,02-3153-9216,45064.0,
168.0,서울특별시 마포구 합정동 독막로4길 17,주택가,성산중학교 담장 옆,1.0,김종권,자원순환과,02-3153-9216,45064.0,
169.0,서울특별시 마포구 합정동 성지1길10-8,주택가,,1.0,김종권,자원순환과,02-3153-9216,45064.0,
170.0,서울특별시 마포구 망원1동 포은로6길10,주민센터,망원1동주민센터,1.0,김종권,자원순환과,02-3153-9216,45064.0,
171.0,서울특별시 마포구 망원1동 포은로8길8,공동주택,대상4차 아파트 주차장 안쪽,1.0,김종권,자원순환과,02-3153-9216,45064.0,
172.0,서울특별시 마포구 망원1동 망원로88,공동주택,삼성화원아파트,1.0,김종권,자원순환과,02-3153-9216,45064.0,
173.0,서울특별시 마포구 망원1동 월드컵로15길53,주택가,한마음공원 민방위급수시설 뒤,1.0,김종권,자원순환과,02-3153-9216,45064.0,
174.0,서울특별시 마포구 망원1동 월드컵로11길35,공동주택,함성월드아파트,1.0,김종권,자원순환과,02-3153-9216,45064.0,
175.0,서울특별시 마포구 망원1동 동교로75,주택가,조명가게앞,1.0,김종권,자원순환과,02-3153-9216,45064.0,
176.0,서울특별시 마포구 망원1동 망원로2길103,공동주택,대림1차아파트 지하1층 주차장 내,1.0,김종권,자원순환과,02-3153-9216,45064.0,
177.0,서울특별시 마포구 망원1동 희우정로20길53,주택가,현대타운 9동 코너 앞,1.0,김종권,자원순환과,02-3153-9216,45064.0,
178.0,서울특별시 마포구 망원1동 망원로4길38,주택가,옹달샘공원앞,1.0,김종권,자원순환과,02-3153-9216,45064.0,
179.0,서울특별시 마포구 망원1동 망원로4길8,공동주택,성원2차아파트 놀이터 안쪽,1.0,김종권,자원순환과,02-3153-9216,45064.0,
180.0,서울특별시 마포구 망원1동 동교로3길125,공동주택,현진에버빌아파트,1.0,김종권,자원순환과,02-3153-9216,45064.0,
181.0,서울특별시 마포구 망원1동 동교로3길115,공동주택,대주2차피오레아파트,1.0,김종권,자원순환과,02-3153-9216,45064.0,
182.0,서울특별시 마포구 망원1동 동교로3길79,공동주택, 강변타운 아파트,1.0,김종권,자원순환과,02-3153-9216,45064.0,
183.0,서울특별시 마포구 망원1동 동교로3길67,공동주택,대주1차피오레 아파트 경비실 뒤쪽,1.0,김종권,자원순환과,02-3153-9216,45064.0,
184.0,서울특별시 마포구 망원1동 동교로1길48,공동주택,현대리버빌아파트,1.0,김종권,자원순환과,02-3153-9216,45064.0,
185.0,서울특별시 마포구 망원2동 망원로11길35,공동주택,함성월드빌3차@,1.0,김종권,자원순환과,02-3153-9216,45064.0,
186.0,서울특별시 마포구 망원2동 망원로11길38,공동주택,미원1차@,1.0,김종권,자원순환과,02-3153-9216,45064.0,
187.0,서울특별시 마포구 망원2동 망원로11길73,공동주택,함성월드빌1차@,1.0,김종권,자원순환과,02-3153-9216,45064.0,
188.0,서울특별시 마포구 망원2동 방울내로5길49,공동주택,탑건진선미@ ,1.0,김종권,자원순환과,02-3153-9216,45064.0,
189.0,서울특별시 마포구 망원2동 방울내로11길43,공동주택,마젤란@  ,1.0,김종권,자원순환과,02-3153-9216,45064.0,
190.0,서울특별시 마포구 망원2동 방울내로9안길57,공동주택,동원 데자뷰@,1.0,김종권,자원순환과,02-3153-9216,45064.0,
191.0,서울특별시 마포구 망원2동 방울내로43,공동주택,신부4차파스카@ ,1.0,김종권,자원순환과,02-3153-9216,45064.0,
192.0,서울특별시 마포구 망원2동 방울내로36,공동주택,두영이지안@,1.0,김종권,자원순환과,02-3153-9216,45064.0,
193.0,서울특별시 마포구 망원2동 방울내로31,공동주택,휴먼빌@,1.0,김종권,자원순환과,02-3153-9216,45064.0,
194.0,서울특별시 마포구 망원2동 월드컵로31길89,공동주택,함성드림빌@,1.0,김종권,자원순환과,02-3153-9216,45064.0,
195.0,서울특별시 마포구 망원2동 월드컵로31길107,공동주택, 대상3차@ ,1.0,김종권,자원순환과,02-3153-9216,45064.0,
196.0,서울특별시 마포구 망원2동 방울내로7길11,주민센터,망원2동주민센터,1.0,김종권,자원순환과,02-3153-9216,45064.0,
197.0,서울특별시 마포구 망원2동 방울내로5길28,학교,망원초등학교,1.0,김종권,자원순환과,02-3153-9216,45064.0,
198.0,서울특별시 마포구 망원2동 방울내로11길38,공동주택,월드컵@,1.0,김종권,자원순환과,02-3153-9216,45064.0,
199.0,서울특별시 마포구 망원2동 방울내로9안길86,공동주택,가나다맨션,1.0,김종권,자원순환과,02-3153-9216,45064.0,
200.0,서울특별시 마포구 망원2동 방울내로11길157,주택가,삼성주택,1.0,김종권,자원순환과,02-3153-9216,45064.0,
201.0,서울특별시 마포구 망원2동 방울내로11길147,공동주택,강림@,1.0,김종권,자원순환과,02-3153-9216,45064.0,
202.0,서울특별시 마포구 망원2동 망원로1길27,공동주택,대림2차@ ,1.0,김종권,자원순환과,02-3153-9216,45064.0,
203.0,서울특별시 마포구 망원2동 월드컵로29길113,공동주택,백합@,1.0,김종권,자원순환과,02-3153-9216,45064.0,
204.0,서울특별시 마포구 망원2동 망원로3길30,주택가,복지마트 앞,1.0,김종권,자원순환과,02-3153-9216,45064.0,
205.0,서울특별시 마포구 망원2동 망원동 429-4,공동주택,대성1,2차@,1.0,김종권,자원순환과,02-3153-9216,45064.0,
206.0,서울특별시 마포구 망원2동 방울내로19,주택가,공중화장실 앞,1.0,김종권,자원순환과,02-3153-9216,45064.0,
207.0,서울특별시 마포구 연남동 성미산로29길 17-9,주민센터, 연남동주민센터 주차장,1.0,김종권,자원순환과,02-3153-9216,45064.0,
208.0,서울특별시 마포구 연남동 성미산로29길 17-3,주택가,은행나무어린이공원 입구,1.0,김종권,자원순환과,02-3153-9216,45064.0,
209.0,서울특별시 마포구 연남동 동교로51길17,주택가,,1.0,김종권,자원순환과,02-3153-9216,45064.0,
210.0,서울특별시 마포구 연남동 동교로 282,주택가,,1.0,김종권,자원순환과,02-3153-9216,45064.0,
211.0,서울특별시 마포구 연남동 동교로51길51,주택가,,1.0,김종권,자원순환과,02-3153-9216,45064.0,
212.0,서울특별시 마포구 연남동 성미산로29길 45,주택가,신흥아3차빌라 앞,1.0,김종권,자원순환과,02-3153-9216,45064.0,
213.0,서울특별시 마포구 연남동 동교로39길11 ,공동주택,대명아파트 단지 안,1.0,김종권,자원순환과,02-3153-9216,45064.0,
214.0,서울특별시 마포구 연남동 연남로30,공동주택, 코오롱하늘채 (106, 101.양쪽 끝),2.0,김종권,자원순환과,02-3153-9216,45064.0,
215.0,서울특별시 마포구 연남동 연남로3길 80,주택가,느티나무공원 옆 ,1.0,김종권,자원순환과,02-3153-9216,45064.0,
216.0,서울특별시 마포구 연남동 성미산로19길8,주택가,,1.0,김종권,자원순환과,02-3153-9216,45064.0,
217.0,서울특별시 마포구 연남동 연남로7길38,주택가,담장코너,1.0,김종권,자원순환과,02-3153-9216,45064.0,
218.0,서울특별시 마포구 연남동 연남로7길10,주택가,후문,1.0,김종권,자원순환과,02-3153-9216,45064.0,
219.0,서울특별시 마포구 연남동 연남로67,주택가,이조빌라 담장 ,1.0,김종권,자원순환과,02-3153-9216,45064.0,
220.0,서울특별시 마포구 성산1동 성산로2길 21,주택가,대한경호무술협회,1.0,김종권,자원순환과,02-3153-9216,45064.0,
221.0,서울특별시 마포구 성산1동 성산로2길 55,주택가,경안운수 담벽(샤인빌딩 맞은편),1.0,김종권,자원순환과,02-3153-9216,45064.0,
222.0,서울특별시 마포구 성산1동 월드컵로30길 12,주택가,노블에비뉴 담벽(승남철물점 맞은편),1.0,김종권,자원순환과,02-3153-9216,45064.0,
223.0,서울특별시 마포구 성산1동 월드컵로26길 52,주택가,광성슈퍼 앞,1.0,김종권,자원순환과,02-3153-9216,45064.0,
224.0,서울특별시 마포구 성산1동 성미산로7안길 40,주택가,자담이움@ 뒤쪽,1.0,김종권,자원순환과,02-3153-9216,45064.0,
225.0,서울특별시 마포구 성산1동 월드컵로30가길 27,주택가,갤럭시빌라(에덴마트),1.0,김종권,자원순환과,02-3153-9216,45064.0,
226.0,서울특별시 마포구 성산1동 월드컵로30길 34,주택가,유안빌라,1.0,김종권,자원순환과,02-3153-9216,45064.0,
227.0,서울특별시 마포구 성산1동 월드컵북로12길 106,주택가,해피존Ⅱ(3-4라인) 맞은편,1.0,김종권,자원순환과,02-3153-9216,45064.0,
228.0,서울특별시 마포구 성산1동 연남로13길 21,주택가,동양하우징 101동 맞은편,1.0,김종권,자원순환과,02-3153-9216,45064.0,
229.0,서울특별시 마포구 성산1동 월드컵북로18길 13,주택가,the M hotel 뒤편,1.0,김종권,자원순환과,02-3153-9216,45064.0,
230.0,서울특별시 마포구 성산1동 월드컵북로12안길 34,주택가,대신택배,1.0,김종권,자원순환과,02-3153-9216,45064.0,
231.0,서울특별시 마포구 성산1동 월드컵북로12길 27,주택가,다솜어린이공원 앞,1.0,김종권,자원순환과,02-3153-9216,45064.0,
232.0,서울특별시 마포구 성산1동 성미산로11길 36,주택가,대진유치원,1.0,김종권,자원순환과,02-3153-9216,45064.0,
233.0,서울특별시 마포구 성산1동 성미산로 51 ,학교,홍대부속초교 내부 (재활용집하장),1.0,김종권,자원순환과,02-3153-9216,45064.0,
234.0,서울특별시 마포구 성산1동 성미산로3길 67,주택가,성서초교 후문(성미산로옹벽4번길위),1.0,김종권,자원순환과,02-3153-9216,45064.0,
235.0,서울특별시 마포구 성산1동 성산로4길 75,공동주택,대원칸타빌@ 내부,1.0,김종권,자원순환과,02-3153-9216,45064.0,
236.0,서울특별시 마포구 성산1동 월드컵북로15길 37,주택가,나눔빌,1.0,김종권,자원순환과,02-3153-9216,45064.0,
237.0,서울특별시 마포구 성산1동 성산로4길 15,주민센터,성산1동주민센터 ,1.0,김종권,자원순환과,02-3153-9216,45064.0,
238.0,서울특별시 마포구 성산2동 월드컵북로30길 22,주민센터,성산2동주민센터,1.0,김종권,자원순환과,02-3153-9216,45064.0,
239.0,서울특별시 마포구 성산2동 새터산길 25,주택가,쌍둥이어린이공원,1.0,김종권,자원순환과,02-3153-9216,45064.0,
240.0,서울특별시 마포구 성산2동 월드컵로 207,공동주택,SH공사성산@ (복지관앞),1.0,김종권,자원순환과,02-3153-9216,45064.0,
241.0,서울특별시 마포구 성산2동 월드컵로 207,공동주택,SH공사성산@ (103동,104동),2.0,김종권,자원순환과,02-3153-9216,45064.0,
242.0,서울특별시 마포구 성산2동 월드컵북로 233,공동주택,성산시영@(2동, 25동, 31동),3.0,김종권,자원순환과,02-3153-9216,45064.0,
243.0,서울특별시 마포구 성산2동 월드컵북로38길 21,학교,한국우진학교,1.0,김종권,자원순환과,02-3153-9216,45064.0,
244.0,서울특별시 마포구 성산2동 성암로7길 3,공동주택,성산현대2차@,1.0,김종권,자원순환과,02-3153-9216,45064.0,
245.0,서울특별시 마포구 성산2동 성암로5길 12,공동주택,동원월드타운@,1.0,김종권,자원순환과,02-3153-9216,45064.0,
246.0,서울특별시 마포구 성산2동 성암로1길 12,공동주택,성사풍림@,1.0,김종권,자원순환과,02-3153-9216,45064.0,
247.0,서울특별시 마포구 성산2동 모래내로9길 6,공동주택,월드컵I-PARK 1,2차@(우측-1,우측-2,좌측),3.0,김종권,자원순환과,02-3153-9216,45064.0,
248.0,서울특별시 마포구 성산2동 월드컵북로 152,학교,중동초등학교,1.0,김종권,자원순환과,02-3153-9216,45064.0,
249.0,서울특별시 마포구 성산2동 월드컵북로30길 13,공동주택,성산월드타운대림@(입구좌측, 입구우측, 108동),3.0,김종권,자원순환과,02-3153-9216,45064.0,
250.0,서울특별시 마포구 성산2동 월드컵북로 216,공동주택,대림e편한세상2차@,1.0,김종권,자원순환과,02-3153-9216,45064.0,
251.0,서울특별시 마포구 성산2동 모래내로3길 2 ,공동주택,성산동성@,1.0,김종권,자원순환과,02-3153-9216,45064.0,
252.0,서울특별시 마포구 성산2동 월드컵로 190,공동주택,이안상암2차오피스텔,1.0,김종권,자원순환과,02-3153-9216,45064.0,
253.0,서울특별시 마포구 성산2동 성암로11길 60,공동주택,중동청구@,1.0,김종권,자원순환과,02-3153-9216,45064.0,
254.0,서울특별시 마포구 성산2동 월드컵북로38길 53,공동주택,월드컵참누리@(102동,108동,109동,경비실앞),4.0,김종권,자원순환과,02-3153-9216,45064.0,
255.0,서울특별시 마포구 성산2동 월드컵북로38가길 20,공동주택,중동계룡@,1.0,김종권,자원순환과,02-3153-9216,45064.0,
256.0,서울특별시 마포구 성산2동 월드컵북로38길 26,학교,신북초등학교,1.0,김종권,자원순환과,02-3153-9216,45064.0,
257.0,서울특별시 마포구 성산2동 성암로 91,공동주택,현대1차@(103동,106동),2.0,김종권,자원순환과,02-3153-9216,45064.0,
258.0,서울특별시 마포구 성산2동 성암로7길 14,공동주택,중동강림월드@,1.0,김종권,자원순환과,02-3153-9216,45064.0,
259.0,서울특별시 마포구 성산2동 모래내로9길 30,공동주택,건영월드컵@ (101동 앞 재활용장),1.0,김종권,자원순환과,02-3153-9216,45064.0,
260.0,서울특별시 마포구 성산2동 새터산14안길 13,주택가,부성빌라,1.0,김종권,자원순환과,02-3153-9216,45064.0,
261.0,서울특별시 마포구 성산2동 월드컵북로 197,주택가,성산고가 밑,1.0,김종권,자원순환과,02-3153-9216,45064.0,
262.0,서울특별시 마포구 성산2동 성암로9안길 25,주택가,신혼빌라 B동 건너,1.0,김종권,자원순환과,02-3153-9216,45064.0,
263.0,서울특별시 마포구 성산2동 성암로1길22,주택가,소노하우스앞,1.0,김종권,자원순환과,02-3153-9216,45064.0,
264.0,서울특별시 마포구 상암동 월드컵북로 502-7,공동주택,월드컵파크 12단지(1201.1203.1207=각동1개씩) ,3.0,김종권,자원순환과,02-3153-9216,45064.0,
265.0,서울특별시 마포구 상암동 월드컵북로 502-37,공동주택,월드컵파크 11단지(1101.1102.1103.1108=각동1개씩),4.0,김종권,자원순환과,02-3153-9216,45064.0,
266.0,서울특별시 마포구 상암동 월드컵북로 502-36,공동주택,월드컵파크 10단지(1008.1009.1013.1015, 1016=각동1개씩),5.0,김종권,자원순환과,02-3153-9216,45064.0,
267.0,서울특별시 마포구 상암동 월드컵북로 501,공동주택,월드컵파크 9단지(903.904.906.908.910.911.912=각동1개씩) ,7.0,김종권,자원순환과,02-3153-9216,45064.0,
268.0,서울특별시 마포구 상암동 월드컵로42길 12,공동주택,월드컵파크 8단지(802, 806, 811, 812=각동1개씩),4.0,김종권,자원순환과,02-3153-9216,45064.0,
269.0,서울특별시 마포구 상암동 상암산로1길92,공동주택,월드컵파크 7단지(1, 2, 3, 4, 5=각경비실1개씩),5.0,김종권,자원순환과,02-3153-9216,45064.0,
270.0,서울특별시 마포구 상암동 상암산로1길57,공동주택,월드컵파크 6단지 (지하1층 A05),1.0,김종권,자원순환과,02-3153-9216,45064.0,
271.0,서울특별시 마포구 상암동 상암산로1길52,공동주택,월드컵파크 5단지 (제1, 3경비실1개식),2.0,김종권,자원순환과,02-3153-9216,45064.0,
272.0,서울특별시 마포구 상암동 상암산로1길24,공동주택,월드컵파크 4단지 (407동 앞),1.0,김종권,자원순환과,02-3153-9216,45064.0,
273.0,서울특별시 마포구 상암동 월드컵로338,공동주택,월드컵파크 3단지 (301, 304, 305, 309=각동1개씩=4개),4.0,김종권,자원순환과,02-3153-9216,45064.0,
274.0,서울특별시 마포구 상암동 월드컵북로47길 46,공동주택,월드컵파크 2단지 1개(201동 앞),1.0,김종권,자원순환과,02-3153-9216,45064.0,
275.0,서울특별시 마포구 상암동 월드컵북로 47길8,공동주택,월드컵파크 1단지 2개(101, 102=각동1개씩=2개),2.0,김종권,자원순환과,02-3153-9216,45064.0,
276.0,서울특별시 마포구 상암동 월드컵북로42가길11 ,공동주택,휴먼시아 (주공)@ 2단지 (203동앞),1.0,김종권,자원순환과,02-3153-9216,45064.0,
277.0,서울특별시 마포구 상암동 월드컵북로43길11,공동주택,휴먼시아 (주공)@ 1단지 (101동.104동 앞=2개),2.0,김종권,자원순환과,02-3153-9216,45064.0,
278.0,서울특별시 마포구 상암동 월드컵북로 502-14,학교,하늘 초등학교,1.0,김종권,자원순환과,02-3153-9216,45064.0,
279.0,서울특별시 마포구 상암동 매봉산로2길16,주민센터,상암동 주민센터,1.0,김종권,자원순환과,02-3153-9216,45064.0,
280.0,서울특별시 마포구 상암동 월드컵북로48길38,주택가,휴암공원 앞,1.0,김종권,자원순환과,02-3153-9216,45064.0,
281.0,서울특별시 마포구 상암동 상암동 1619번지,주택가,새누리공원 앞,1.0,김종권,자원순환과,02-3153-9216,45064.0,
282.0,서울특별시 마포구 상암동 월드컵북로 375,공동주택,iaan 주상복합 @1단지(정문 앞),1.0,김종권,자원순환과,02-3153-9216,45064.0,
283.0,서울특별시 마포구 상암동 월드컵북로 361,공동주택,iaan 주상복합 @2단지(지하1층 D2 앞),1.0,김종권,자원순환과,02-3153-9216,45064.0,
284.0,서울특별시 마포구 상암동 월드컵북로 353 ,학교,상암초등학교,1.0,김종권,자원순환과,02-3153-9216,45064.0,
